TerminaisPanorama;TerminaisMovimentacao;;
ADM DO BRASIL LTDA;;;
Adonai East Terminal de Líquidos S.A.;;;
Adonai Química S/A.;ADONAI;;
AGEO LESTE TERMINAIS E ARMAZÉNS GERAIS S/A;;;
AGEO NORTE TERM. ARM;;;
Ageo Terminais e Armazéns Gerais S/A.;AGEO;;
ÁREA STS 08;;;
ÁREAS DE EXPANSÃO (POLIGONAL);;;
Bracell SP Celulose LTDA;BRACELL;;RODRIMAR
BRASIL TERMINAL PORTUÁRIO S/A;BTP;;ECOPORTO
BRASIL TERMINAL PORTUÁRIO S/A (SABOÓ);;;CBA
Bunge Alimentos S/A (Outeirinhos);;;HIPERCON
Bunge Alimentos S/A (Paquetá);BUNGE;;OUTROS
Citrosuco S/A Agroindústria;FISCHER (CITROSUCO);;COINBRA (ARM XLII)
CITROSUCO SERVIÇOS PORTUÁRIOS S/A;CITROSUCO;;MESQUITA
Companhia Auxiliar de Armazéns Gerais - Teaçu 3 (Copersucar);;;LIBRA
CONCAIS S/A - Filial;;;USIMINAS
CONPORTCE OPERADOR PORTUÁRIO CESARI LTDA;;;CIRNE/SALMAC - ARM XII, XVII, SAL
DEICMAR ARMAZENAGEM E DISTRIBUIÇÃO LTDA.(EX-BANDEIRANTES);BANDEIRANTES-DEICMAR;;ACT (ARM 38)
Dow Brasil Sudeste Industrial Ltda;DOW;;BANDEIRANTES
DP World Santos;DPWORLD (EMBRAPORT);;SUZANO (ARM 32)
ECOPORTO SANTOS S/A;;;
ELDORADO BRASIL CELULOSE S.A;;;TMV
ELEVAÇÕES PORTUARIAS S/A;ELEVAÇÕES (RUMO);;PEROLA ARM XII XVII
FIBRIA TERMINAL DE CELULOSE DE SANTOS SPE S/A. (SUZANO);;;CEREALSUL
Granel Química Ltda;GRANEL QUIMICA;;RHAMO
HIDROVIAS DO BRASIL - ADMINISTRAÇÃO PORTUÁRIA SANTOS S/A;HIDROVIAS DO BRASIL;;RISHIS
LOCALFRIO S/A ARMAZÉNS GERAIS FRIGORÍFICOS;LOCALFRIO;;EMBRAPORT - TPF
MARIMEX DESPACHOS, TRANSPORTES E SERVIÇOS LTDA.;MARIMEX;;TECONDI - TUP
MARIMEX DESPACHOS, TRANSPORTES E SERVIÇOS LTDA. (SSZ 39E);;;CAIS PÚBLICO
Neves & Marinheiro Ltda.;NEVES & MARINHEIRO (M. PAULISTA);;ULTRAFÉRTIL - TP
NST - TERMINAIS E LOGÍSTICA S/A (Celulose);;;ADM - CPB
NST - TERMINAIS E LOGÍSTICA S/A (Sucos);NST;;CPB
PETRÓLEO BRASILEIRO S.A. – PETROBRAS;TRANSPETRO;;COREX - CPB
Saipem do Brasil Serviços de Petroleo S/A;;;CARGILL - TUP
SANTOS BRASIL PARTICIPAÇÕES S/A;SANTOS BRASIL;;MOINHO SANTISTA
SANTOS BRASIL PARTICIPAÇÕES S/A (SABOÓ);;;
SANTOS BRASIL PARTICIPAÇÕES S/A. (SABOÓ);;;
Stolthaven;STOLTHAVEN;;
Sucocítrico Cutrale Ltda;CUTRALE;;
TEAG - TERMINAL DE EXPORTAÇÃO DE AÇÚCAR DO GUARUJÁ LTDA.;TEAG (ARM 33);;
TEC - TERMINAL EXPORT COFCO LTDA (SSZ 31);;;
TEG - TERMINAL EXPORTADOR DO GUARUJÁ;TEG;;
TERMARES - TERMINAIS MARÍTIMOS ESPECIALIZADOS LTDA.;TERMARES;;
TERMINAL 12ª S/A (COFCO);TERMINAL 12A;;
TERMINAL DE GRANÉIS DO GUARUJÁ - TGG;TGG;;
TERMINAL DE VEÍCULOS DE SANTOS S/A;TEV;;
TERMINAL EXPORTADOR DE SANTOS LTDA. (TES);TES;;
TERMINAL MARÍTIMO DO GUARUJÁ S/A - TERMAG;TERMAG;;
Terminal Marítimo Privativo de Cubatão - TMPC (Usiminas);;;
Terminal Químico de Aratu S/A - Tequimar (Ultracargo);TEQUIMAR;;
TERMINAL XXXIX DE SANTOS S/A;;;
T-GRÃO CARGO TERMINAL DE GRANÉIS S/A;;;
Tiplam - Terminal Integrador Portuário Luiz Antonio Mesquita;;;
TRANSBRASA - TRANSITÓRIA BRASILEIRA LTDA.;TRANSBRASA;;
TUPs já anunciados;;;
Vopak Brasil S/A;VOPAK;;
